"HST_BILNO", "HST_REFID", "HST_URL"
"HB1","HB1F122","https://lis.blob.core.windows.net/files/1091483.PDF"
"HB1","HB1F122","https://lis.blob.core.windows.net/files/1095197.PDF"
"HB3","HB3F122","https://lis.blob.core.windows.net/files/1093689.PDF"
"HB6","HB6F122","https://lis.blob.core.windows.net/files/1092452.PDF"
"HB7","HB7F122","https://lis.blob.core.windows.net/files/1090089.PDF"
"HB8","HB8F160","https://lis.blob.core.windows.net/files/1082122.PDF"
"HB8","HB8F122","https://lis.blob.core.windows.net/files/1084006.PDF"
"HB10","HB10F161","https://lis.blob.core.windows.net/files/1089577.PDF"
"HB10","HB10F161","https://lis.blob.core.windows.net/files/1091286.PDF"
"HB12","HB12F161","https://lis.blob.core.windows.net/files/1089581.PDF"
"HB14","HB14F122","https://lis.blob.core.windows.net/files/1091407.PDF"
"HB15","HB15F122","https://lis.blob.core.windows.net/files/1091406.PDF"
"HB18","HB18F122","https://lis.blob.core.windows.net/files/1095339.PDF"
"HB19","HB19F122","https://lis.blob.core.windows.net/files/1096354.PDF"
"HB19","HB19F160","https://lis.blob.core.windows.net/files/1082123.PDF"
"HB20","HB20F122","https://lis.blob.core.windows.net/files/1093946.PDF"
"HB22","HB22F122","https://lis.blob.core.windows.net/files/1087956.PDF"
"HB23","HB23F122","https://lis.blob.core.windows.net/files/1092896.PDF"
"HB27","HB27F122","https://lis.blob.core.windows.net/files/1093786.PDF"
"HB32","HB32F122","https://lis.blob.core.windows.net/files/1090210.PDF"
"HB33","HB33F161","https://lis.blob.core.windows.net/files/1089575.PDF"
"HB34","HB34F122","https://lis.blob.core.windows.net/files/1082765.PDF"
"HB36","HB36F122","https://lis.blob.core.windows.net/files/1084878.PDF"
"HB37","HB37F122","https://lis.blob.core.windows.net/files/1090558.PDF"
"HB39","HB39F122","https://lis.blob.core.windows.net/files/1095188.PDF"
"HB40","HB40F122","https://lis.blob.core.windows.net/files/1084973.PDF"
"HB40","HB40F160","https://lis.blob.core.windows.net/files/1082659.PDF"
"HB44","HB44F122","https://lis.blob.core.windows.net/files/1091362.PDF"
"HB47","HB47F161","https://lis.blob.core.windows.net/files/1090053.PDF"
"HB50","HB50F122","https://lis.blob.core.windows.net/files/1083478.PDF"
"HB51","HB51F122","https://lis.blob.core.windows.net/files/1091363.PDF"
"HB54","HB54F122","https://lis.blob.core.windows.net/files/1092743.PDF"
"HB57","HB57F122","https://lis.blob.core.windows.net/files/1091180.PDF"
"HB58","HB58F160","https://lis.blob.core.windows.net/files/1083063.PDF"
"HB59","HB59F122","https://lis.blob.core.windows.net/files/1085090.PDF"
"HB64","HB64F122","https://lis.blob.core.windows.net/files/1091169.PDF"
"HB65","HB65F122","https://lis.blob.core.windows.net/files/1092658.PDF"
"HB68","HB68F161","https://lis.blob.core.windows.net/files/1090054.PDF"
"HB69","HB69F171","https://lis.blob.core.windows.net/files/1091287.PDF"
"HB71","HB71F122","https://lis.blob.core.windows.net/files/1091368.PDF"
"HB72","HB72F161","https://lis.blob.core.windows.net/files/1090052.PDF"
"HB72","HB72F161","https://lis.blob.core.windows.net/files/1088179.PDF"
"HB74","HB74F171","https://lis.blob.core.windows.net/files/1091288.PDF"
"HB78","HB78F122","https://lis.blob.core.windows.net/files/1092897.PDF"
"HB80","HB80F122","https://lis.blob.core.windows.net/files/1094757.PDF"
"HB81","HB81F122","https://lis.blob.core.windows.net/files/1096327.PDF"
"HB82","HB82F122","https://lis.blob.core.windows.net/files/1091369.PDF"
"HB82","HB82F122","https://lis.blob.core.windows.net/files/1091370.PDF"
"HB82","HB82F122","https://lis.blob.core.windows.net/files/1091371.PDF"
"HB83","HB83F122","https://lis.blob.core.windows.net/files/1091372.PDF"
"HB84","HB84F171","https://lis.blob.core.windows.net/files/1091289.PDF"
"HB88","HB88F122","https://lis.blob.core.windows.net/files/1092736.PDF"
"HB91","HB91F122","https://lis.blob.core.windows.net/files/1083174.PDF"
"HB93","HB93F122","https://lis.blob.core.windows.net/files/1096361.PDF"
"HB94","HB94F122","https://lis.blob.core.windows.net/files/1095444.PDF"
"HB99","HB99F160","https://lis.blob.core.windows.net/files/1082682.PDF"
"HB99","HB99F122","https://lis.blob.core.windows.net/files/1083173.PDF"
"HB100","HB100F122","https://lis.blob.core.windows.net/files/1091182.PDF"
"HB101","HB101F122","https://lis.blob.core.windows.net/files/1091390.PDF"
"HB102","HB102F160","https://lis.blob.core.windows.net/files/1082695.PDF"
"HB102","HB102F122","https://lis.blob.core.windows.net/files/1092829.PDF"
"HB104","HB104F122","https://lis.blob.core.windows.net/files/1092350.PDF"
"HB105","HB105F122","https://lis.blob.core.windows.net/files/1092671.PDF"
"HB107","HB107F122","https://lis.blob.core.windows.net/files/1090428.PDF"
"HB109","HB109F122","https://lis.blob.core.windows.net/files/1091164.PDF"
"HB111","HB111F122","https://lis.blob.core.windows.net/files/1091374.PDF"
"HB116","HB116F122","https://lis.blob.core.windows.net/files/1083172.PDF"
"HB117","HB117F122","https://lis.blob.core.windows.net/files/1084007.PDF"
"HB119","HB119F122","https://lis.blob.core.windows.net/files/1091408.PDF"
"HB123","HB123F122","https://lis.blob.core.windows.net/files/1091207.PDF"
"HB124","HB124F160","https://lis.blob.core.windows.net/files/1082681.PDF"
"HB124","HB124F122","https://lis.blob.core.windows.net/files/1092485.PDF"
"HB125","HB125F122","https://lis.blob.core.windows.net/files/1083477.PDF"
"HB127","HB127F122","https://lis.blob.core.windows.net/files/1092659.PDF"
"HB128","HB128F122","https://lis.blob.core.windows.net/files/1092661.PDF"
"HB130","HB130F122","https://lis.blob.core.windows.net/files/1093939.PDF"
"HB134","HB134F122","https://lis.blob.core.windows.net/files/1091484.PDF"
"HB135","HB135F122","https://lis.blob.core.windows.net/files/1084016.PDF"
"HB136","HB136F122","https://lis.blob.core.windows.net/files/1089375.PDF"
"HB137","HB137F161","https://lis.blob.core.windows.net/files/1090056.PDF"
"HB139","HB139F122","https://lis.blob.core.windows.net/files/1084883.PDF"
"HB140","HB140F122","https://lis.blob.core.windows.net/files/1084017.PDF"
"HB143","HB143F122","https://lis.blob.core.windows.net/files/1093678.PDF"
"HB148","HB148F122","https://lis.blob.core.windows.net/files/1093783.PDF"
"HB149","HB149F122","https://lis.blob.core.windows.net/files/1093785.PDF"
"HB150","HB150F122","https://lis.blob.core.windows.net/files/1091208.PDF"
"HB151","HB151F122","https://lis.blob.core.windows.net/files/1085244.PDF"
"HB153","HB153F195","https://lis.blob.core.windows.net/files/1087269.PDF"
"HB156","HB156F122","https://lis.blob.core.windows.net/files/1087130.PDF"
"HB156","HB156F122","https://lis.blob.core.windows.net/files/1085240.PDF"
"HB161","HB161F160","https://lis.blob.core.windows.net/files/1083072.PDF"
"HB162","HB162F122","https://lis.blob.core.windows.net/files/1091375.PDF"
"HB167","HB167F161","https://lis.blob.core.windows.net/files/1085424.PDF"
"HB168","HB168F122","https://lis.blob.core.windows.net/files/1091376.PDF"
"HB169","HB169F122","https://lis.blob.core.windows.net/files/1093370.PDF"
"HB169","HB169F122","https://lis.blob.core.windows.net/files/1083171.PDF"
"HB172","HB172F122","https://lis.blob.core.windows.net/files/1091188.PDF"
"HB175","HB175F161","https://lis.blob.core.windows.net/files/1089578.PDF"
"HB176","HB176F122","https://lis.blob.core.windows.net/files/1089394.PDF"
"HB183","HB183F161","https://lis.blob.core.windows.net/files/1089576.PDF"
"HB185","HB185F122","https://lis.blob.core.windows.net/files/1091790.PDF"
"HB191","HB191F122","https://lis.blob.core.windows.net/files/1091186.PDF"
"HB192","HB192F122","https://lis.blob.core.windows.net/files/1092029.PDF"
"HB194","HB194F122","https://lis.blob.core.windows.net/files/1092020.PDF"
"HB196","HB196F122","https://lis.blob.core.windows.net/files/1093940.PDF"
"HB199","HB199F122","https://lis.blob.core.windows.net/files/1095337.PDF"
"HB200","HB200F122","https://lis.blob.core.windows.net/files/1093556.PDF"
"HB201","HB201F122","https://lis.blob.core.windows.net/files/1087642.PDF"
"HB203","HB203F122","https://lis.blob.core.windows.net/files/1093011.PDF"
"HB204","HB204F158","https://lis.blob.core.windows.net/files/1096365.PDF"
"HB208","HB208F122","https://lis.blob.core.windows.net/files/1091925.PDF"
"HB208","HB208F122","https://lis.blob.core.windows.net/files/1095190.PDF"
"HB209","HB209F122","https://lis.blob.core.windows.net/files/1094521.PDF"
"HB212","HB212F160","https://lis.blob.core.windows.net/files/1083211.PDF"
"HB212","HB212F122","https://lis.blob.core.windows.net/files/1092987.PDF"
"HB213","HB213F122","https://lis.blob.core.windows.net/files/1092999.PDF"
"HB217","HB217F160","https://lis.blob.core.windows.net/files/1083210.PDF"
"HB217","HB217F122","https://lis.blob.core.windows.net/files/1086525.PDF"
"HB217","HB217F122","https://lis.blob.core.windows.net/files/1096308.PDF"
"HB222","HB222F122","https://lis.blob.core.windows.net/files/1085245.PDF"
"HB223","HB223F122","https://lis.blob.core.windows.net/files/1092746.PDF"
"HB225","HB225F122","https://lis.blob.core.windows.net/files/1090211.PDF"
"HB227","HB227F122","https://lis.blob.core.windows.net/files/1095646.PDF"
"HB228","HB228F122","https://lis.blob.core.windows.net/files/1093539.PDF"
"HB229","HB229F160","https://lis.blob.core.windows.net/files/1083209.PDF"
"HB230","HB230F122","https://lis.blob.core.windows.net/files/1093216.PDF"
"HB231","HB231F122","https://lis.blob.core.windows.net/files/1084876.PDF"
"HB232","HB232F122","https://lis.blob.core.windows.net/files/1089329.PDF"
"HB233","HB233F122","https://lis.blob.core.windows.net/files/1093224.PDF"
"HB234","HB234F122","https://lis.blob.core.windows.net/files/1093009.PDF"
"HB235","HB235F122","https://lis.blob.core.windows.net/files/1093012.PDF"
"HB239","HB239F122","https://lis.blob.core.windows.net/files/1092981.PDF"
"HB240","HB240F122","https://lis.blob.core.windows.net/files/1091926.PDF"
"HB245","HB245F122","https://lis.blob.core.windows.net/files/1092033.PDF"
"HB247","HB247F122","https://lis.blob.core.windows.net/files/1096052.PDF"
"HB249","HB249F122","https://lis.blob.core.windows.net/files/1093026.PDF"
"HB250","HB250F160","https://lis.blob.core.windows.net/files/1083332.PDF"
"HB250","HB250F122","https://lis.blob.core.windows.net/files/1088303.PDF"
"HB251","HB251F160","https://lis.blob.core.windows.net/files/1083345.PDF"
"HB251","HB251F122","https://lis.blob.core.windows.net/files/1086524.PDF"
"HB252","HB252F122","https://lis.blob.core.windows.net/files/1092389.PDF"
"HB258","HB258F122","https://lis.blob.core.windows.net/files/1096180.PDF"
"HB259","HB259F122","https://lis.blob.core.windows.net/files/1096181.PDF"
"HB261","HB261F161","https://lis.blob.core.windows.net/files/1090058.PDF"
"HB262","HB262F195","https://lis.blob.core.windows.net/files/1090840.PDF"
"HB264","HB264F122","https://lis.blob.core.windows.net/files/1090196.PDF"
"HB266","HB266F122","https://lis.blob.core.windows.net/files/1092451.PDF"
"HB267","HB267F122","https://lis.blob.core.windows.net/files/1092726.PDF"
"HB268","HB268F122","https://lis.blob.core.windows.net/files/1091181.PDF"
"HB269","HB269F160","https://lis.blob.core.windows.net/files/1083383.PDF"
"HB271","HB271F160","https://lis.blob.core.windows.net/files/1083382.PDF"
"HB272","HB272F161","https://lis.blob.core.windows.net/files/1089574.PDF"
"HB272","HB272F161","https://lis.blob.core.windows.net/files/1089710.PDF"
"HB273","HB273F122","https://lis.blob.core.windows.net/files/1095271.PDF"
"HB276","HB276F122","https://lis.blob.core.windows.net/files/1092533.PDF"
"HB277","HB277F195","https://lis.blob.core.windows.net/files/1089551.PDF"
"HB281","HB281F122","https://lis.blob.core.windows.net/files/1095077.PDF"
"HB282","HB282F161","https://lis.blob.core.windows.net/files/1091303.PDF"
"HB283","HB283F122","https://lis.blob.core.windows.net/files/1085242.PDF"
"HB287","HB287F122","https://lis.blob.core.windows.net/files/1093557.PDF"
"HB288","HB288F122","https://lis.blob.core.windows.net/files/1096251.PDF"
"HB289","HB289F171","https://lis.blob.core.windows.net/files/1091290.PDF"
"HB290","HB290F122","https://lis.blob.core.windows.net/files/1085246.PDF"
"HB294","HB294F122","https://lis.blob.core.windows.net/files/1086526.PDF"
"HB294","HB294F160","https://lis.blob.core.windows.net/files/1083479.PDF"
"HB295","HB295F122","https://lis.blob.core.windows.net/files/1089555.PDF"
"HB295","HB295F160","https://lis.blob.core.windows.net/files/1088522.PDF"
"HB295","HB295F160","https://lis.blob.core.windows.net/files/1084000.PDF"
"HB296","HB296F122","https://lis.blob.core.windows.net/files/1094383.PDF"
"HB301","HB301F122","https://lis.blob.core.windows.net/files/1087974.PDF"
"HB304","HB304F171","https://lis.blob.core.windows.net/files/1091291.PDF"
"HB313","HB313F122","https://lis.blob.core.windows.net/files/1084877.PDF"
"HB314","HB314F122","https://lis.blob.core.windows.net/files/1095075.PDF"
"HB316","HB316F171","https://lis.blob.core.windows.net/files/1096343.PDF"
"HB317","HB317F160","https://lis.blob.core.windows.net/files/1084001.PDF"
"HB317","HB317F122","https://lis.blob.core.windows.net/files/1088306.PDF"
"HB325","HB325F122","https://lis.blob.core.windows.net/files/1088488.PDF"
"HB326","HB326F122","https://lis.blob.core.windows.net/files/1094306.PDF"
"HB326","HB326F122","https://lis.blob.core.windows.net/files/1094307.PDF"
"HB329","HB329F122","https://lis.blob.core.windows.net/files/1095078.PDF"
"HB331","HB331F122","https://lis.blob.core.windows.net/files/1091187.PDF"
"HB333","HB333F122","https://lis.blob.core.windows.net/files/1096254.PDF"
"HB334","HB334F161","https://lis.blob.core.windows.net/files/1091309.PDF"
"HB340","HB340F122","https://lis.blob.core.windows.net/files/1091184.PDF"
"HB341","HB341F161","https://lis.blob.core.windows.net/files/1091304.PDF"
"HB342","HB342F122","https://lis.blob.core.windows.net/files/1091206.PDF"
"HB345","HB345F161","https://lis.blob.core.windows.net/files/1091310.PDF"
"HB346","HB346F122","https://lis.blob.core.windows.net/files/1086430.PDF"
"HB347","HB347F122","https://lis.blob.core.windows.net/files/1085341.PDF"
"HB349","HB349F122","https://lis.blob.core.windows.net/files/1089485.PDF"
"HB351","HB351F122","https://lis.blob.core.windows.net/files/1088939.PDF"
"HB353","HB353F171","https://lis.blob.core.windows.net/files/1096334.PDF"
"HB356","HB356F122","https://lis.blob.core.windows.net/files/1096252.PDF"
"HB357","HB357F122","https://lis.blob.core.windows.net/files/1096055.PDF"
"HB358","HB358F171","https://lis.blob.core.windows.net/files/1096335.PDF"
"HB369","HB369F171","https://lis.blob.core.windows.net/files/1091292.PDF"
"HB371","HB371F122","https://lis.blob.core.windows.net/files/1090197.PDF"
"HB372","HB372F161","https://lis.blob.core.windows.net/files/1090057.PDF"
"HB373","HB373F122","https://lis.blob.core.windows.net/files/1087995.PDF"
"HB375","HB375F122","https://lis.blob.core.windows.net/files/1095079.PDF"
"HB379","HB379F122","https://lis.blob.core.windows.net/files/1095084.PDF"
"HB380","HB380F122","https://lis.blob.core.windows.net/files/1087996.PDF"
"HB381","HB381F122","https://lis.blob.core.windows.net/files/1093638.PDF"
"HB382","HB382F122","https://lis.blob.core.windows.net/files/1085815.PDF"
"HB383","HB383F122","https://lis.blob.core.windows.net/files/1089539.PDF"
"HB384","HB384F122","https://lis.blob.core.windows.net/files/1091901.PDF"
"HB391","HB391F122","https://lis.blob.core.windows.net/files/1090557.PDF"
"HB394","HB394F122","https://lis.blob.core.windows.net/files/1095074.PDF"
"HB395","HB395F171","https://lis.blob.core.windows.net/files/1091293.PDF"
"HB399","HB399F122","https://lis.blob.core.windows.net/files/1095043.PDF"
"HB400","HB400F161","https://lis.blob.core.windows.net/files/1092342.PDF"
"HB401","HB401F122","https://lis.blob.core.windows.net/files/1091449.PDF"
"HB414","HB414F122","https://lis.blob.core.windows.net/files/1093660.PDF"
"HB417","HB417F122","https://lis.blob.core.windows.net/files/1095289.PDF"
"HB420","HB420F171","https://lis.blob.core.windows.net/files/1093494.PDF"
"HB422","HB422F171","https://lis.blob.core.windows.net/files/1091294.PDF"
"HB423","HB423F122","https://lis.blob.core.windows.net/files/1091447.PDF"
"HB425","HB425F122","https://lis.blob.core.windows.net/files/1096363.PDF"
"HB426","HB426F122","https://lis.blob.core.windows.net/files/1093665.PDF"
"HB427","HB427F122","https://lis.blob.core.windows.net/files/1093555.PDF"
"HB430","HB430F122","https://lis.blob.core.windows.net/files/1091719.PDF"
"HB431","HB431F122","https://lis.blob.core.windows.net/files/1085239.PDF"
"HB432","HB432F122","https://lis.blob.core.windows.net/files/1095087.PDF"
"HB441","HB441F122","https://lis.blob.core.windows.net/files/1096053.PDF"
"HB442","HB442F122","https://lis.blob.core.windows.net/files/1091927.PDF"
"HB444","HB444F122","https://lis.blob.core.windows.net/files/1095196.PDF"
"HB451","HB451F122","https://lis.blob.core.windows.net/files/1089330.PDF"
"HB452","HB452F122","https://lis.blob.core.windows.net/files/1089331.PDF"
"HB453","HB453F122","https://lis.blob.core.windows.net/files/1092649.PDF"
"HB454","HB454F122","https://lis.blob.core.windows.net/files/1092052.PDF"
"HB456","HB456F122","https://lis.blob.core.windows.net/files/1096148.PDF"
"HB458","HB458F161","https://lis.blob.core.windows.net/files/1096268.PDF"
"HB459","HB459F122","https://lis.blob.core.windows.net/files/1092540.PDF"
"HB460","HB460F122","https://lis.blob.core.windows.net/files/1093704.PDF"
"HB463","HB463F122","https://lis.blob.core.windows.net/files/1086431.PDF"
"HB465","HB465F122","https://lis.blob.core.windows.net/files/1089332.PDF"
"HB469","HB469F122","https://lis.blob.core.windows.net/files/1096124.PDF"
"HB470","HB470F122","https://lis.blob.core.windows.net/files/1088496.PDF"
"HB472","HB472F122","https://lis.blob.core.windows.net/files/1093374.PDF"
"HB474","HB474F161","https://lis.blob.core.windows.net/files/1096269.PDF"
"HB480","HB480F122","https://lis.blob.core.windows.net/files/1093025.PDF"
"HB485","HB485F122","https://lis.blob.core.windows.net/files/1093027.PDF"
"HB487","HB487F122","https://lis.blob.core.windows.net/files/1094966.PDF"
"HB488","HB488F161","https://lis.blob.core.windows.net/files/1096339.PDF"
"HB490","HB490F122","https://lis.blob.core.windows.net/files/1096168.PDF"
"HB491","HB491F158","https://lis.blob.core.windows.net/files/1091746.PDF"
"HB492","HB492F171","https://lis.blob.core.windows.net/files/1091295.PDF"
"HB494","HB494F122","https://lis.blob.core.windows.net/files/1093693.PDF"
"HB500","HB500F122","https://lis.blob.core.windows.net/files/1092733.PDF"
"HB503","HB503F171","https://lis.blob.core.windows.net/files/1091296.PDF"
"HB506","HB506F122","https://lis.blob.core.windows.net/files/1095056.PDF"
"HB515","HB515F122","https://lis.blob.core.windows.net/files/1092748.PDF"
"HB519","HB519F122","https://lis.blob.core.windows.net/files/1095088.PDF"
"HB522","HB522F122","https://lis.blob.core.windows.net/files/1091787.PDF"
"HB524","HB524F161","https://lis.blob.core.windows.net/files/1089580.PDF"
"HB528","HB528F122","https://lis.blob.core.windows.net/files/1092534.PDF"
"HB531","HB531F160","https://lis.blob.core.windows.net/files/1085220.PDF"
"HB532","HB532F122","https://lis.blob.core.windows.net/files/1088310.PDF"
"HB534","HB534F122","https://lis.blob.core.windows.net/files/1088309.PDF"
"HB537","HB537F122","https://lis.blob.core.windows.net/files/1089002.PDF"
"HB538","HB538F122","https://lis.blob.core.windows.net/files/1092539.PDF"
"HB539","HB539F122","https://lis.blob.core.windows.net/files/1096271.PDF"
"HB541","HB541F122","https://lis.blob.core.windows.net/files/1088305.PDF"
"HB543","HB543F122","https://lis.blob.core.windows.net/files/1095270.PDF"
"HB547","HB547F195","https://lis.blob.core.windows.net/files/1091173.PDF"
"HB548","HB548F122","https://lis.blob.core.windows.net/files/1092698.PDF"
"HB548","HB548F160","https://lis.blob.core.windows.net/files/1085238.PDF"
"HB550","HB550F161","https://lis.blob.core.windows.net/files/1091145.PDF"
"HB556","HB556F122","https://lis.blob.core.windows.net/files/1093644.PDF"
"HB557","HB557F161","https://lis.blob.core.windows.net/files/1091150.PDF"
"HB558","HB558F160","https://lis.blob.core.windows.net/files/1085514.PDF"
"HB558","HB558F122","https://lis.blob.core.windows.net/files/1089467.PDF"
"HB562","HB562F171","https://lis.blob.core.windows.net/files/1091297.PDF"
"HB565","HB565F171","https://lis.blob.core.windows.net/files/1091302.PDF"
"HB567","HB567F122","https://lis.blob.core.windows.net/files/1095230.PDF"
"HB569","HB569F195","https://lis.blob.core.windows.net/files/1093667.PDF"
"HB570","HB570F122","https://lis.blob.core.windows.net/files/1087445.PDF"
"HB571","HB571F122","https://lis.blob.core.windows.net/files/1096270.PDF"
"HB572","HB572F122","https://lis.blob.core.windows.net/files/1089434.PDF"
"HB573","HB573F122","https://lis.blob.core.windows.net/files/1089468.PDF"
"HB579","HB579F122","https://lis.blob.core.windows.net/files/1091170.PDF"
"HB586","HB586F122","https://lis.blob.core.windows.net/files/1087463.PDF"
"HB588","HB588F161","https://lis.blob.core.windows.net/files/1091485.PDF"
"HB594","HB594F122","https://lis.blob.core.windows.net/files/1095089.PDF"
"HB598","HB598F161","https://lis.blob.core.windows.net/files/1091660.PDF"
"HB600","HB600F122","https://lis.blob.core.windows.net/files/1094818.PDF"
"HB603","HB603F122","https://lis.blob.core.windows.net/files/1088490.PDF"
"HB616","HB616F122","https://lis.blob.core.windows.net/files/1095094.PDF"
"HB622","HB622F122","https://lis.blob.core.windows.net/files/1091171.PDF"
"HB626","HB626F160","https://lis.blob.core.windows.net/files/1085387.PDF"
"HB628","HB628F171","https://lis.blob.core.windows.net/files/1096337.PDF"
"HB629","HB629F160","https://lis.blob.core.windows.net/files/1085340.PDF"
"HB629","HB629F122","https://lis.blob.core.windows.net/files/1089556.PDF"
"HB629","HB629F122","https://lis.blob.core.windows.net/files/1089557.PDF"
"HB633","HB633F122","https://lis.blob.core.windows.net/files/1093554.PDF"
"HB634","HB634F171","https://lis.blob.core.windows.net/files/1092494.PDF"
"HB642","HB642F160","https://lis.blob.core.windows.net/files/1085342.PDF"
"HB644","HB644F122","https://lis.blob.core.windows.net/files/1091928.PDF"
"HB645","HB645F122","https://lis.blob.core.windows.net/files/1095016.PDF"
"HB648","HB648F122","https://lis.blob.core.windows.net/files/1089561.PDF"
"HB662","HB662F160","https://lis.blob.core.windows.net/files/1085469.PDF"
"HB662","HB662F122","https://lis.blob.core.windows.net/files/1088308.PDF"
"HB662","HB662F122","https://lis.blob.core.windows.net/files/1092486.PDF"
"HB663","HB663F122","https://lis.blob.core.windows.net/files/1093419.PDF"
"HB668","HB668F122","https://lis.blob.core.windows.net/files/1091853.PDF"
"HB678","HB678F122","https://lis.blob.core.windows.net/files/1095101.PDF"
"HB680","HB680F122","https://lis.blob.core.windows.net/files/1087646.PDF"
"HB682","HB682F122","https://lis.blob.core.windows.net/files/1089410.PDF"
"HB684","HB684F122","https://lis.blob.core.windows.net/files/1093666.PDF"
"HB685","HB685F160","https://lis.blob.core.windows.net/files/1085583.PDF"
"HB700","HB700F160","https://lis.blob.core.windows.net/files/1085604.PDF"
"HB703","HB703F161","https://lis.blob.core.windows.net/files/1095648.PDF"
"HB705","HB705F122","https://lis.blob.core.windows.net/files/1095341.PDF"
"HB706","HB706F122","https://lis.blob.core.windows.net/files/1091055.PDF"
"HB709","HB709F122","https://lis.blob.core.windows.net/files/1091929.PDF"
"HB712","HB712F122","https://lis.blob.core.windows.net/files/1089469.PDF"
"HB716","HB716F161","https://lis.blob.core.windows.net/files/1096340.PDF"
"HB719","HB719F122","https://lis.blob.core.windows.net/files/1088493.PDF"
"HB721","HB721F122","https://lis.blob.core.windows.net/files/1090206.PDF"
"HB725","HB725F171","https://lis.blob.core.windows.net/files/1096317.PDF"
"HB726","HB726F122","https://lis.blob.core.windows.net/files/1096305.PDF"
"HB727","HB727F122","https://lis.blob.core.windows.net/files/1091189.PDF"
"HB730","HB730F122","https://lis.blob.core.windows.net/files/1095069.PDF"
"HB730","HB730F160","https://lis.blob.core.windows.net/files/1086418.PDF"
"HB741","HB741F122","https://lis.blob.core.windows.net/files/1093076.PDF"
"HB747","HB747F122","https://lis.blob.core.windows.net/files/1093688.PDF"
"HB749","HB749F122","https://lis.blob.core.windows.net/files/1095044.PDF"
"HB761","HB761F122","https://lis.blob.core.windows.net/files/1095046.PDF"
"HB766","HB766F171","https://lis.blob.core.windows.net/files/1096318.PDF"
"HB769","HB769F160","https://lis.blob.core.windows.net/files/1086419.PDF"
"HB769","HB769F171","https://lis.blob.core.windows.net/files/1092495.PDF"
"HB770","HB770F171","https://lis.blob.core.windows.net/files/1096319.PDF"
"HB776","HB776F122","https://lis.blob.core.windows.net/files/1088487.PDF"
"HB779","HB779F171","https://lis.blob.core.windows.net/files/1091299.PDF"
"HB786","HB786F122","https://lis.blob.core.windows.net/files/1090207.PDF"
"HB789","HB789F122","https://lis.blob.core.windows.net/files/1089486.PDF"
"HB795","HB795F122","https://lis.blob.core.windows.net/files/1095505.PDF"
"HB798","HB798F122","https://lis.blob.core.windows.net/files/1091058.PDF"
"HB799","HB799F122","https://lis.blob.core.windows.net/files/1095153.PDF"
"HB800","HB800F122","https://lis.blob.core.windows.net/files/1095154.PDF"
"HB804","HB804F195","https://lis.blob.core.windows.net/files/1091269.PDF"
"HB811","HB811F122","https://lis.blob.core.windows.net/files/1088407.PDF"
"HB816","HB816F195","https://lis.blob.core.windows.net/files/1092042.PDF"
"HB817","HB817F122","https://lis.blob.core.windows.net/files/1089227.PDF"
"HB822","HB822F122","https://lis.blob.core.windows.net/files/1089490.PDF"
"HB826","HB826F122","https://lis.blob.core.windows.net/files/1093662.PDF"
"HB827","HB827F171","https://lis.blob.core.windows.net/files/1096330.PDF"
"HB834","HB834F122","https://lis.blob.core.windows.net/files/1095104.PDF"
"HB838","HB838F122","https://lis.blob.core.windows.net/files/1095045.PDF"
"HB840","HB840F122","https://lis.blob.core.windows.net/files/1092372.PDF"
"HB841","HB841F122","https://lis.blob.core.windows.net/files/1089470.PDF"
"HB848","HB848F122","https://lis.blob.core.windows.net/files/1095105.PDF"
"HB849","HB849F122","https://lis.blob.core.windows.net/files/1090208.PDF"
"HB855","HB855F122","https://lis.blob.core.windows.net/files/1096096.PDF"
"HB858","HB858F122","https://lis.blob.core.windows.net/files/1089540.PDF"
"HB862","HB862F122","https://lis.blob.core.windows.net/files/1090551.PDF"
"HB870","HB870F122","https://lis.blob.core.windows.net/files/1093639.PDF"
"HB878","HB878F122","https://lis.blob.core.windows.net/files/1091185.PDF"
"HB882","HB882F122","https://lis.blob.core.windows.net/files/1094282.PDF"
"HB884","HB884F171","https://lis.blob.core.windows.net/files/1096331.PDF"
"HB886","HB886F160","https://lis.blob.core.windows.net/files/1086420.PDF"
"HB893","HB893F171","https://lis.blob.core.windows.net/files/1096332.PDF"
"HB894","HB894F122","https://lis.blob.core.windows.net/files/1087711.PDF"
"HB898","HB898F171","https://lis.blob.core.windows.net/files/1096333.PDF"
"HB902","HB902F171","https://lis.blob.core.windows.net/files/1096347.PDF"
"HB920","HB920F171","https://lis.blob.core.windows.net/files/1096348.PDF"
"HB921","HB921F171","https://lis.blob.core.windows.net/files/1096357.PDF"
"HB926","HB926F122","https://lis.blob.core.windows.net/files/1094384.PDF"
"HB926","HB926F122","https://lis.blob.core.windows.net/files/1094385.PDF"
"HB927","HB927F122","https://lis.blob.core.windows.net/files/1096178.PDF"
"HB928","HB928F171","https://lis.blob.core.windows.net/files/1096358.PDF"
"HB937","HB937F122","https://lis.blob.core.windows.net/files/1092771.PDF"
"HB948","HB948F160","https://lis.blob.core.windows.net/files/1088137.PDF"
"HB960","HB960F161","https://lis.blob.core.windows.net/files/1093361.PDF"
"HB970","HB970F122","https://lis.blob.core.windows.net/files/1093206.PDF"
"HB973","HB973F122","https://lis.blob.core.windows.net/files/1092468.PDF"
"HB976","HB976F122","https://lis.blob.core.windows.net/files/1092902.PDF"
"HB983","HB983F122","https://lis.blob.core.windows.net/files/1093649.PDF"
"HB989","HB989F160","https://lis.blob.core.windows.net/files/1088943.PDF"
"HB989","HB989F160","https://lis.blob.core.windows.net/files/1089328.PDF"
"HB989","HB989F122","https://lis.blob.core.windows.net/files/1089560.PDF"
"HB992","HB992F122","https://lis.blob.core.windows.net/files/1096329.PDF"
"HB1005","HB1005F122","https://lis.blob.core.windows.net/files/1095112.PDF"
"HB1006","HB1006F122","https://lis.blob.core.windows.net/files/1094637.PDF"
"HB1015","HB1015F160","https://lis.blob.core.windows.net/files/1088138.PDF"
"HB1016","HB1016F122","https://lis.blob.core.windows.net/files/1095080.PDF"
"HB1019","HB1019F122","https://lis.blob.core.windows.net/files/1089541.PDF"
"HB1033","HB1033F122","https://lis.blob.core.windows.net/files/1092692.PDF"
"HB1035","HB1035F122","https://lis.blob.core.windows.net/files/1090099.PDF"
"HB1036","HB1036F122","https://lis.blob.core.windows.net/files/1092758.PDF"
"HB1038","HB1038F122","https://lis.blob.core.windows.net/files/1093683.PDF"
"HB1039","HB1039F122","https://lis.blob.core.windows.net/files/1089377.PDF"
"HB1052","HB1052F122","https://lis.blob.core.windows.net/files/1089477.PDF"
"HB1053","HB1053F122","https://lis.blob.core.windows.net/files/1095107.PDF"
"HB1054","HB1054F122","https://lis.blob.core.windows.net/files/1090514.PDF"
"HB1063","HB1063F122","https://lis.blob.core.windows.net/files/1091167.PDF"
"HB1065","HB1065F171","https://lis.blob.core.windows.net/files/1096311.PDF"
"HB1071","HB1071F122","https://lis.blob.core.windows.net/files/1091168.PDF"
"HB1076","HB1076F122","https://lis.blob.core.windows.net/files/1095155.PDF"
"HB1078","HB1078F122","https://lis.blob.core.windows.net/files/1095106.PDF"
"HB1080","HB1080F161","https://lis.blob.core.windows.net/files/1096342.PDF"
"HB1082","HB1082F160","https://lis.blob.core.windows.net/files/1088494.PDF"
"HB1082","HB1082F122","https://lis.blob.core.windows.net/files/1092337.PDF"
"HB1087","HB1087F171","https://lis.blob.core.windows.net/files/1096312.PDF"
"HB1091","HB1091F122","https://lis.blob.core.windows.net/files/1095085.PDF"
"HB1093","HB1093F122","https://lis.blob.core.windows.net/files/1095108.PDF"
"HB1100","HB1100F161","https://lis.blob.core.windows.net/files/1095653.PDF"
"HB1103","HB1103F122","https://lis.blob.core.windows.net/files/1089558.PDF"
"HB1103","HB1103F160","https://lis.blob.core.windows.net/files/1088136.PDF"
"HB1104","HB1104F122","https://lis.blob.core.windows.net/files/1092375.PDF"
"HB1106","HB1106F171","https://lis.blob.core.windows.net/files/1096313.PDF"
"HB1108","HB1108F122","https://lis.blob.core.windows.net/files/1089487.PDF"
"HB1114","HB1114F122","https://lis.blob.core.windows.net/files/1096054.PDF"
"HB1119","HB1119F122","https://lis.blob.core.windows.net/files/1094304.PDF"
"HB1121","HB1121F122","https://lis.blob.core.windows.net/files/1093126.PDF"
"HB1122","HB1122F195","https://lis.blob.core.windows.net/files/1092860.PDF"
"HB1125","HB1125F160","https://lis.blob.core.windows.net/files/1088139.PDF"
"HB1129","HB1129F122","https://lis.blob.core.windows.net/files/1091159.PDF"
"HB1132","HB1132F161","https://lis.blob.core.windows.net/files/1094681.PDF"
"HB1136","HB1136F122","https://lis.blob.core.windows.net/files/1091165.PDF"
"HB1138","HB1138F122","https://lis.blob.core.windows.net/files/1092691.PDF"
"HB1139","HB1139F122","https://lis.blob.core.windows.net/files/1089478.PDF"
"HB1144","HB1144F195","https://lis.blob.core.windows.net/files/1093193.PDF"
"HB1147","HB1147F122","https://lis.blob.core.windows.net/files/1091832.PDF"
"HB1150","HB1150F122","https://lis.blob.core.windows.net/files/1089559.PDF"
"HB1151","HB1151F171","https://lis.blob.core.windows.net/files/1096314.PDF"
"HB1153","HB1153F122","https://lis.blob.core.windows.net/files/1089385.PDF"
"HB1155","HB1155F161","https://lis.blob.core.windows.net/files/1096302.PDF"
"HB1157","HB1157F122","https://lis.blob.core.windows.net/files/1095086.PDF"
"HB1184","HB1184F171","https://lis.blob.core.windows.net/files/1096315.PDF"
"HB1186","HB1186F122","https://lis.blob.core.windows.net/files/1091892.PDF"
"HB1188","HB1188F122","https://lis.blob.core.windows.net/files/1091056.PDF"
"HB1189","HB1189F122","https://lis.blob.core.windows.net/files/1090090.PDF"
"HB1192","HB1192F122","https://lis.blob.core.windows.net/files/1093663.PDF"
"HB1199","HB1199F122","https://lis.blob.core.windows.net/files/1091172.PDF"
"HB1210","HB1210F161","https://lis.blob.core.windows.net/files/1094682.PDF"
"HB1212","HB1212F195","https://lis.blob.core.windows.net/files/1092986.PDF"
"HB1231","HB1231F122","https://lis.blob.core.windows.net/files/1089229.PDF"
"HB1232","HB1232F122","https://lis.blob.core.windows.net/files/1093664.PDF"
"HB1233","HB1233F122","https://lis.blob.core.windows.net/files/1092699.PDF"
"HB1236","HB1236F122","https://lis.blob.core.windows.net/files/1095042.PDF"
"HB1255","HB1255F171","https://lis.blob.core.windows.net/files/1096336.PDF"
"HB1269","HB1269F158","https://lis.blob.core.windows.net/files/1096366.PDF"
"HB1272","HB1272F160","https://lis.blob.core.windows.net/files/1088491.PDF"
"HB1277","HB1277F160","https://lis.blob.core.windows.net/files/1088492.PDF"
"HB1288","HB1288F122","https://lis.blob.core.windows.net/files/1090195.PDF"
"HB1290","HB1290F122","https://lis.blob.core.windows.net/files/1089491.PDF"
"HB1293","HB1293F122","https://lis.blob.core.windows.net/files/1090511.PDF"
"HB1300","HB1300F122","https://lis.blob.core.windows.net/files/1091702.PDF"
"HB1307","HB1307F171","https://lis.blob.core.windows.net/files/1096328.PDF"
"HB1309","HB1309F171","https://lis.blob.core.windows.net/files/1096316.PDF"
"HB1315","HB1315F122","https://lis.blob.core.windows.net/files/1092448.PDF"
"HB1317","HB1317F158","https://lis.blob.core.windows.net/files/1096284.PDF"
"HB1318","HB1318F122","https://lis.blob.core.windows.net/files/1092469.PDF"
"HB1326","HB1326F160","https://lis.blob.core.windows.net/files/1091891.PDF"
"HB1334","HB1334F122","https://lis.blob.core.windows.net/files/1095820.PDF"
"HB1336","HB1336F122","https://lis.blob.core.windows.net/files/1092470.PDF"
"HB1339","HB1339F122","https://lis.blob.core.windows.net/files/1091448.PDF"
"HB1345","HB1345F122","https://lis.blob.core.windows.net/files/1092594.PDF"
"HB1351","HB1351F161","https://lis.blob.core.windows.net/files/1096345.PDF"
"HB1359","HB1359F160","https://lis.blob.core.windows.net/files/1091900.PDF"
"HB1364","HB1364F122","https://lis.blob.core.windows.net/files/1091862.PDF"
"HB1373","HB1373F122","https://lis.blob.core.windows.net/files/1093079.PDF"
"HB1376","HB1376F122","https://lis.blob.core.windows.net/files/1096259.PDF"
"HB1414","HB1414F160","https://lis.blob.core.windows.net/files/1096018.PDF"
"HB1471","HB1471F160","https://lis.blob.core.windows.net/files/1096027.PDF"
"HB1492","HB1492F160","https://lis.blob.core.windows.net/files/1096017.PDF"
"SB1","SB1F122","https://lis.blob.core.windows.net/files/1092388.PDF"
"SB1","SB1F122","https://lis.blob.core.windows.net/files/1095231.PDF"
"SB3","SB3F122","https://lis.blob.core.windows.net/files/1095340.PDF"
"SB5","SB5F122","https://lis.blob.core.windows.net/files/1093937.PDF"
"SB7","SB7F161","https://lis.blob.core.windows.net/files/1089571.PDF"
"SB8","SB8F161","https://lis.blob.core.windows.net/files/1088199.PDF"
"SB9","SB9F161","https://lis.blob.core.windows.net/files/1089572.PDF"
"SB11","SB11F122","https://lis.blob.core.windows.net/files/1091285.PDF"
"SB12","SB12F160","https://lis.blob.core.windows.net/files/1081799.PDF"
"SB12","SB12F122","https://lis.blob.core.windows.net/files/1096349.PDF"
"SB14","SB14F122","https://lis.blob.core.windows.net/files/1088982.PDF"
"SB16","SB16F122","https://lis.blob.core.windows.net/files/1095342.PDF"
"SB17","SB17F122","https://lis.blob.core.windows.net/files/1090194.PDF"
"SB18","SB18F122","https://lis.blob.core.windows.net/files/1083175.PDF"
"SB18","SB18EF122","https://lis.blob.core.windows.net/files/1095822.PDF"
"SB21","SB21F122","https://lis.blob.core.windows.net/files/1082696.PDF"
"SB22","SB22F122","https://lis.blob.core.windows.net/files/1091824.PDF"
"SB28","SB28F122","https://lis.blob.core.windows.net/files/1094299.PDF"
"SB36","SB36F122","https://lis.blob.core.windows.net/files/1085241.PDF"
"SB38","SB38F122","https://lis.blob.core.windows.net/files/1096360.PDF"
"SB41","SB41F122","https://lis.blob.core.windows.net/files/1085315.PDF"
"SB44","SB44F195","https://lis.blob.core.windows.net/files/1088987.PDF"
"SB46","SB46F122","https://lis.blob.core.windows.net/files/1091384.PDF"
"SB47","SB47F122","https://lis.blob.core.windows.net/files/1083086.PDF"
"SB47","SB47F160","https://lis.blob.core.windows.net/files/1081801.PDF"
"SB47","SB47S1F160","https://lis.blob.core.windows.net/files/1095239.PDF"
"SB47","SB47S1F122","https://lis.blob.core.windows.net/files/1096309.PDF"
"SB48","SB48F122","https://lis.blob.core.windows.net/files/1091395.PDF"
"SB49","SB49F122","https://lis.blob.core.windows.net/files/1089333.PDF"
"SB50","SB50F122","https://lis.blob.core.windows.net/files/1092738.PDF"
"SB50","SB50F160","https://lis.blob.core.windows.net/files/1082124.PDF"
"SB54","SB54F122","https://lis.blob.core.windows.net/files/1091386.PDF"
"SB55","SB55F122","https://lis.blob.core.windows.net/files/1083085.PDF"
"SB55","SB55F160","https://lis.blob.core.windows.net/files/1081802.PDF"
"SB55","SB55F142","https://lis.blob.core.windows.net/files/1081800.PDF"
"SB56","SB56F122","https://lis.blob.core.windows.net/files/1084062.PDF"
"SB57","SB57F122","https://lis.blob.core.windows.net/files/1091387.PDF"
"SB57","SB57F122","https://lis.blob.core.windows.net/files/1091385.PDF"
"SB58","SB58F122","https://lis.blob.core.windows.net/files/1091388.PDF"
"SB59","SB59F122","https://lis.blob.core.windows.net/files/1093366.PDF"
"SB60","SB60F122","https://lis.blob.core.windows.net/files/1092047.PDF"
"SB64","SB64F122","https://lis.blob.core.windows.net/files/1086417.PDF"
"SB65","SB65F122","https://lis.blob.core.windows.net/files/1091389.PDF"
"SB66","SB66F161","https://lis.blob.core.windows.net/files/1089579.PDF"
"SB68","SB68F122","https://lis.blob.core.windows.net/files/1091298.PDF"
"SB69","SB69F122","https://lis.blob.core.windows.net/files/1091911.PDF"
"SB71","SB71F122","https://lis.blob.core.windows.net/files/1093200.PDF"
"SB78","SB78F160","https://lis.blob.core.windows.net/files/1082660.PDF"
"SB79","SB79F122","https://lis.blob.core.windows.net/files/1096356.PDF"
"SB80","SB80F122","https://lis.blob.core.windows.net/files/1086429.PDF"
"SB86","SB86F122","https://lis.blob.core.windows.net/files/1091677.PDF"
"SB87","SB87F195","https://lis.blob.core.windows.net/files/1087221.PDF"
"SB88","SB88F122","https://lis.blob.core.windows.net/files/1085091.PDF"
"SB91","SB91F122","https://lis.blob.core.windows.net/files/1085243.PDF"
"SB93","SB93F161","https://lis.blob.core.windows.net/files/1091316.PDF"
"SB96","SB96F161","https://lis.blob.core.windows.net/files/1089568.PDF"
"SB98","SB98F122","https://lis.blob.core.windows.net/files/1093705.PDF"
"SB103","SB103F122","https://lis.blob.core.windows.net/files/1096359.PDF"
"SB104","SB104F171","https://lis.blob.core.windows.net/files/1091300.PDF"
"SB106","SB106F122","https://lis.blob.core.windows.net/files/1089552.PDF"
"SB106","SB106S1F122","https://lis.blob.core.windows.net/files/1096310.PDF"
"SB108","SB108F122","https://lis.blob.core.windows.net/files/1087643.PDF"
"SB111","SB111F122","https://lis.blob.core.windows.net/files/1089553.PDF"
"SB114","SB114F122","https://lis.blob.core.windows.net/files/1088497.PDF"
"SB117","SB117F122","https://lis.blob.core.windows.net/files/1083476.PDF"
"SB118","SB118F160","https://lis.blob.core.windows.net/files/1083208.PDF"
"SB119","SB119F122","https://lis.blob.core.windows.net/files/1095343.PDF"
"SB121","SB121F122","https://lis.blob.core.windows.net/files/1094305.PDF"
"SB124","SB124F122","https://lis.blob.core.windows.net/files/1094516.PDF"
"SB125","SB125F122","https://lis.blob.core.windows.net/files/1090845.PDF"
"SB132","SB132F122","https://lis.blob.core.windows.net/files/1095090.PDF"
"SB135","SB135F122","https://lis.blob.core.windows.net/files/1088246.PDF"
"SB136","SB136F122","https://lis.blob.core.windows.net/files/1093784.PDF"
"SB137","SB137F122","https://lis.blob.core.windows.net/files/1089554.PDF"
"SB139","SB139F161","https://lis.blob.core.windows.net/files/1090055.PDF"
"SB140","SB140F122","https://lis.blob.core.windows.net/files/1088489.PDF"
"SB143","SB143F161","https://lis.blob.core.windows.net/files/1089563.PDF"
"SB144","SB144F122","https://lis.blob.core.windows.net/files/1092662.PDF"
"SB144","SB144F160","https://lis.blob.core.windows.net/files/1084002.PDF"
"SB148","SB148F161","https://lis.blob.core.windows.net/files/1090158.PDF"
"SB149","SB149F122","https://lis.blob.core.windows.net/files/1089393.PDF"
"SB151","SB151F122","https://lis.blob.core.windows.net/files/1095344.PDF"
"SB152","SB152F122","https://lis.blob.core.windows.net/files/1092672.PDF"
"SB156","SB156F122","https://lis.blob.core.windows.net/files/1088408.PDF"
"SB157","SB157F122","https://lis.blob.core.windows.net/files/1092727.PDF"
"SB158","SB158F122","https://lis.blob.core.windows.net/files/1095853.PDF"
"SB160","SB160F160","https://lis.blob.core.windows.net/files/1084003.PDF"
"SB160","SB160F122","https://lis.blob.core.windows.net/files/1096355.PDF"
"SB161","SB161F171","https://lis.blob.core.windows.net/files/1096364.PDF"
"SB163","SB163F122","https://lis.blob.core.windows.net/files/1092374.PDF"
"SB171","SB171F122","https://lis.blob.core.windows.net/files/1092839.PDF"
"SB173","SB173F160","https://lis.blob.core.windows.net/files/1084005.PDF"
"SB175","SB175F171","https://lis.blob.core.windows.net/files/1096338.PDF"
"SB178","SB178F122","https://lis.blob.core.windows.net/files/1093205.PDF"
"SB180","SB180F122","https://lis.blob.core.windows.net/files/1095195.PDF"
"SB181","SB181F161","https://lis.blob.core.windows.net/files/1096267.PDF"
"SB182","SB182F122","https://lis.blob.core.windows.net/files/1094913.PDF"
"SB183","SB183F122","https://lis.blob.core.windows.net/files/1088417.PDF"
"SB187","SB187F161","https://lis.blob.core.windows.net/files/1089573.PDF"
"SB192","SB192F122","https://lis.blob.core.windows.net/files/1095003.PDF"
"SB194","SB194F122","https://lis.blob.core.windows.net/files/1087220.PDF"
"SB195","SB195F160","https://lis.blob.core.windows.net/files/1084004.PDF"
"SB204","SB204F122","https://lis.blob.core.windows.net/files/1088304.PDF"
"SB209","SB209F160","https://lis.blob.core.windows.net/files/1085237.PDF"
"SB209","SB209F160","https://lis.blob.core.windows.net/files/1088123.PDF"
"SB210","SB210F122","https://lis.blob.core.windows.net/files/1094614.PDF"
"SB211","SB211F161","https://lis.blob.core.windows.net/files/1089562.PDF"
"SB212","SB212F122","https://lis.blob.core.windows.net/files/1094619.PDF"
"SB214","SB214F122","https://lis.blob.core.windows.net/files/1092018.PDF"
"SB216","SB216F122","https://lis.blob.core.windows.net/files/1089228.PDF"
"SB218","SB218F122","https://lis.blob.core.windows.net/files/1094398.PDF"
"SB220","SB220F122","https://lis.blob.core.windows.net/files/1088307.PDF"
"SB224","SB224F161","https://lis.blob.core.windows.net/files/1096304.PDF"
"SB228","SB228F195","https://lis.blob.core.windows.net/files/1093070.PDF"
"SB233","SB233F122","https://lis.blob.core.windows.net/files/1093432.PDF"
"SB238","SB238F122","https://lis.blob.core.windows.net/files/1092648.PDF"
"SB239","SB239F122","https://lis.blob.core.windows.net/files/1092737.PDF"
"SB240","SB240F171","https://lis.blob.core.windows.net/files/1096321.PDF"
"SB242","SB242F122","https://lis.blob.core.windows.net/files/1091470.PDF"
"SB250","SB250F171","https://lis.blob.core.windows.net/files/1091301.PDF"
"SB253","SB253F171","https://lis.blob.core.windows.net/files/1092496.PDF"
"SB257","SB257F122","https://lis.blob.core.windows.net/files/1095506.PDF"
"SB261","SB261F122","https://lis.blob.core.windows.net/files/1095076.PDF"
"SB261","SB261F160","https://lis.blob.core.windows.net/files/1088140.PDF"
"SB269","SB269F122","https://lis.blob.core.windows.net/files/1091854.PDF"
"SB272","SB272F160","https://lis.blob.core.windows.net/files/1088141.PDF"
"SB280","SB280F122","https://lis.blob.core.windows.net/files/1090209.PDF"
"SB282","SB282F122","https://lis.blob.core.windows.net/files/1092759.PDF"
"SB285","SB285F122","https://lis.blob.core.windows.net/files/1093943.PDF"
"SB286","SB286F122","https://lis.blob.core.windows.net/files/1092744.PDF"
"SB286","SB286S1F122","https://lis.blob.core.windows.net/files/1096346.PDF"
"SB290","SB290F122","https://lis.blob.core.windows.net/files/1095111.PDF"
"SB291","SB291F122","https://lis.blob.core.windows.net/files/1096147.PDF"
"SB292","SB292F122","https://lis.blob.core.windows.net/files/1091107.PDF"
"SB294","SB294F122","https://lis.blob.core.windows.net/files/1095149.PDF"
"SB295","SB295F122","https://lis.blob.core.windows.net/files/1093540.PDF"
"SB299","SB299F122","https://lis.blob.core.windows.net/files/1091720.PDF"
"SB302","SB302F161","https://lis.blob.core.windows.net/files/1092497.PDF"
"SB307","SB307F160","https://lis.blob.core.windows.net/files/1088940.PDF"
"SB307","SB307F122","https://lis.blob.core.windows.net/files/1092489.PDF"
"SB312","SB312F160","https://lis.blob.core.windows.net/files/1088971.PDF"
"SB312","SB312F122","https://lis.blob.core.windows.net/files/1093075.PDF"
"SB313","SB313F122","https://lis.blob.core.windows.net/files/1095150.PDF"
"SB314","SB314F161","https://lis.blob.core.windows.net/files/1091721.PDF"
"SB319","SB319F122","https://lis.blob.core.windows.net/files/1091183.PDF"
"SB323","SB323F122","https://lis.blob.core.windows.net/files/1092484.PDF"
"SB323","SB323F160","https://lis.blob.core.windows.net/files/1091910.PDF"
"SB337","SB337F122","https://lis.blob.core.windows.net/files/1095819.PDF"
"SB341","SB341F122","https://lis.blob.core.windows.net/files/1090513.PDF"
"SB345","SB345F122","https://lis.blob.core.windows.net/files/1096064.PDF"
"SB352","SB352F122","https://lis.blob.core.windows.net/files/1091791.PDF"
"SB357","SB357F122","https://lis.blob.core.windows.net/files/1095439.PDF"
"SB358","SB358F122","https://lis.blob.core.windows.net/files/1092471.PDF"
"SB359","SB359F160","https://lis.blob.core.windows.net/files/1091861.PDF"
"SB360","SB360F122","https://lis.blob.core.windows.net/files/1093431.PDF"
"SB362","SB362F160","https://lis.blob.core.windows.net/files/1091864.PDF"
"SB364","SB364F122","https://lis.blob.core.windows.net/files/1095365.PDF"
"SB376","SB376F160","https://lis.blob.core.windows.net/files/1095194.PDF"
"SB380","SB380F161","https://lis.blob.core.windows.net/files/1096303.PDF"
"SB389","SB389F122","https://lis.blob.core.windows.net/files/1093211.PDF"
"SB390","SB390F122","https://lis.blob.core.windows.net/files/1092660.PDF"
"SB391","SB391F122","https://lis.blob.core.windows.net/files/1090552.PDF"
"SB400","SB400F161","https://lis.blob.core.windows.net/files/1092804.PDF"
"SB403","SB403F122","https://lis.blob.core.windows.net/files/1095156.PDF"
"SB404","SB404F122","https://lis.blob.core.windows.net/files/1095157.PDF"
"SB432","SB432F171","https://lis.blob.core.windows.net/files/1096322.PDF"
"SB439","SB439F122","https://lis.blob.core.windows.net/files/1091136.PDF"
"SB444","SB444F160","https://lis.blob.core.windows.net/files/1091893.PDF"
"SB444","SB444F122","https://lis.blob.core.windows.net/files/1092487.PDF"
"SB447","SB447F122","https://lis.blob.core.windows.net/files/1091057.PDF"
"SB453","SB453F160","https://lis.blob.core.windows.net/files/1091899.PDF"
"SB454","SB454F195","https://lis.blob.core.windows.net/files/1093984.PDF"
"SB455","SB455F122","https://lis.blob.core.windows.net/files/1091792.PDF"
"SB457","SB457F171","https://lis.blob.core.windows.net/files/1096323.PDF"
"SB460","SB460F122","https://lis.blob.core.windows.net/files/1092745.PDF"
"SB468","SB468F122","https://lis.blob.core.windows.net/files/1092697.PDF"
"SB476","SB476F122","https://lis.blob.core.windows.net/files/1096341.PDF"
"SB477","SB477F122","https://lis.blob.core.windows.net/files/1091793.PDF"
"SB478","SB478F171","https://lis.blob.core.windows.net/files/1096324.PDF"
"SB479","SB479F171","https://lis.blob.core.windows.net/files/1096344.PDF"
"SB481","SB481F122","https://lis.blob.core.windows.net/files/1091166.PDF"
"SB485","SB485F122","https://lis.blob.core.windows.net/files/1093196.PDF"
"SB488","SB488F195","https://lis.blob.core.windows.net/files/1093103.PDF"
"SB496","SB496F122","https://lis.blob.core.windows.net/files/1092488.PDF"
"SB513","SB513F122","https://lis.blob.core.windows.net/files/1092650.PDF"
"SB513","SB513F122","https://lis.blob.core.windows.net/files/1092651.PDF"
"SB513","SB513F122","https://lis.blob.core.windows.net/files/1092652.PDF"
"SB514","SB514F122","https://lis.blob.core.windows.net/files/1091409.PDF"
"SB515","SB515F122","https://lis.blob.core.windows.net/files/1093652.PDF"
"SB518","SB518F195","https://lis.blob.core.windows.net/files/1094417.PDF"
"SB520","SB520F122","https://lis.blob.core.windows.net/files/1091373.PDF"
"SB521","SB521F122","https://lis.blob.core.windows.net/files/1095480.PDF"
"SB522","SB522F122","https://lis.blob.core.windows.net/files/1095269.PDF"
"SB523","SB523F158","https://lis.blob.core.windows.net/files/1096285.PDF"
"SB527","SB527F122","https://lis.blob.core.windows.net/files/1095158.PDF"
"SB529","SB529F122","https://lis.blob.core.windows.net/files/1092449.PDF"
"SB530","SB530F122","https://lis.blob.core.windows.net/files/1092653.PDF"
"SB542","SB542F160","https://lis.blob.core.windows.net/files/1091894.PDF"
"SB542","SB542S1F160","https://lis.blob.core.windows.net/files/1096179.PDF"
"SB545","SB545F122","https://lis.blob.core.windows.net/files/1094418.PDF"
"SB546","SB546F171","https://lis.blob.core.windows.net/files/1096325.PDF"
"SB548","SB548F160","https://lis.blob.core.windows.net/files/1091863.PDF"
"SB549","SB549F122","https://lis.blob.core.windows.net/files/1092019.PDF"
"SB549","SB549F160","https://lis.blob.core.windows.net/files/1091890.PDF"
"SB557","SB557F122","https://lis.blob.core.windows.net/files/1093180.PDF"
"SB558","SB558F160","https://lis.blob.core.windows.net/files/1092390.PDF"
"SB559","SB559F122","https://lis.blob.core.windows.net/files/1095818.PDF"
"SB563","SB563F122","https://lis.blob.core.windows.net/files/1094419.PDF"
"SB573","SB573F122","https://lis.blob.core.windows.net/files/1092450.PDF"
"SB584","SB584F160","https://lis.blob.core.windows.net/files/1092728.PDF"
"SB584","SB584F160","https://lis.blob.core.windows.net/files/1092838.PDF"
"SB596","SB596F122","https://lis.blob.core.windows.net/files/1092453.PDF"
"SB597","SB597F161","https://lis.blob.core.windows.net/files/1092500.PDF"
"SB600","SB600F122","https://lis.blob.core.windows.net/files/1095821.PDF"
"SB601","SB601F122","https://lis.blob.core.windows.net/files/1095015.PDF"
"SB603","SB603F122","https://lis.blob.core.windows.net/files/1093661.PDF"
"SB606","SB606F122","https://lis.blob.core.windows.net/files/1093179.PDF"
"SB608","SB608F122","https://lis.blob.core.windows.net/files/1095625.PDF"
"SB611","SB611F122","https://lis.blob.core.windows.net/files/1092693.PDF"
"SB611","SB611F122","https://lis.blob.core.windows.net/files/1092694.PDF"
"SB611","SB611F122","https://lis.blob.core.windows.net/files/1092695.PDF"
"SB624","SB624F160","https://lis.blob.core.windows.net/files/1092391.PDF"
"SB626","SB626F171","https://lis.blob.core.windows.net/files/1096362.PDF"
"SB629","SB629F161","https://lis.blob.core.windows.net/files/1095803.PDF"
"SB631","SB631F160","https://lis.blob.core.windows.net/files/1092412.PDF"
"SB631","SB631F122","https://lis.blob.core.windows.net/files/1093078.PDF"
"SB641","SB641F122","https://lis.blob.core.windows.net/files/1092760.PDF"
"SB643","SB643F160","https://lis.blob.core.windows.net/files/1092413.PDF"
"SB655","SB655F122","https://lis.blob.core.windows.net/files/1093077.PDF"
"SB655","SB655F160","https://lis.blob.core.windows.net/files/1092414.PDF"
"SB656","SB656F122","https://lis.blob.core.windows.net/files/1092696.PDF"
"SB657","SB657F122","https://lis.blob.core.windows.net/files/1092690.PDF"
"SB661","SB661F160","https://lis.blob.core.windows.net/files/1092415.PDF"
"SB670","SB670F160","https://lis.blob.core.windows.net/files/1092420.PDF"
"SB671","SB671F160","https://lis.blob.core.windows.net/files/1095338.PDF"
"SB672","SB672F122","https://lis.blob.core.windows.net/files/1093420.PDF"
"SB673","SB673F122","https://lis.blob.core.windows.net/files/1096307.PDF"
"SB673","SB673F160","https://lis.blob.core.windows.net/files/1092424.PDF"
"SB676","SB676F161","https://lis.blob.core.windows.net/files/1095654.PDF"
"SB677","SB677F122","https://lis.blob.core.windows.net/files/1092373.PDF"
"SB679","SB679F122","https://lis.blob.core.windows.net/files/1096320.PDF"
"SB682","SB682F122","https://lis.blob.core.windows.net/files/1093043.PDF"
"SB694","SB694F161","https://lis.blob.core.windows.net/files/1096278.PDF"
"SB699","SB699F122","https://lis.blob.core.windows.net/files/1093653.PDF"
"SB707","SB707F160","https://lis.blob.core.windows.net/files/1092689.PDF"
"SB707","SB707F122","https://lis.blob.core.windows.net/files/1095051.PDF"
"SB727","SB727F160","https://lis.blob.core.windows.net/files/1095313.PDF"
"SB728","SB728F122","https://lis.blob.core.windows.net/files/1093047.PDF"
"SB734","SB734F171","https://lis.blob.core.windows.net/files/1096326.PDF"
"SB736","SB736F122","https://lis.blob.core.windows.net/files/1093541.PDF"
"SB738","SB738F122","https://lis.blob.core.windows.net/files/1093490.PDF"
"SB741","SB741F122","https://lis.blob.core.windows.net/files/1095647.PDF"
"SB743","SB743F160","https://lis.blob.core.windows.net/files/1092724.PDF"
"SB749","SB749F160","https://lis.blob.core.windows.net/files/1092725.PDF"
"SB749","SB749F122","https://lis.blob.core.windows.net/files/1096306.PDF"
"SB750","SB750F122","https://lis.blob.core.windows.net/files/1095191.PDF"
"SB778","SB778F122","https://lis.blob.core.windows.net/files/1095507.PDF"
"SB778","SB778F160","https://lis.blob.core.windows.net/files/1096008.PDF"
"SB794","SB794F160","https://lis.blob.core.windows.net/files/1095983.PDF"
"SB797","SB797F160","https://lis.blob.core.windows.net/files/1096169.PDF"
"SB820","SB820F122","https://lis.blob.core.windows.net/files/1096253.PDF"
