"MBR_HOU","MBR_MBRNO","MBR_NAME"
"H","H0353","Bonita G. Anthony             "
"H","H0352","Jonathan ""Jed"" Arnold         "
"H","H0311","Alex Q. Askew                 "
"H","H0253","Terry L. Austin               "
"H","H0333","Jason S. Ballard              "
"H","H0313","Amanda E. Batten              "
"H","H0334","Elizabeth B. Bennett-Parker   "
"H","H0267","Robert S. Bloxom, Jr.         "
"H","H0177","David L. Bulova               "
"H","H0354","Katrina Callsen               "
"H","H0350","Ellen H. Campbell             "
"H","H0212","Betsy B. Carr                 "
"H","H0335","Mike A. Cherry                "
"H","H0336","Nadarius E. Clark             "
"H","H0355","Laura Jane Cohen              "
"H","H0314","Joshua G. Cole                "
"H","H0295","Kelly K. Convirs-Fowler       "
"H","H0337","A.C. Cordoza                  "
"H","H0356","Rae Cousins                   "
"H","H0315","Carrie E. Coyner              "
"H","H0357","Will Davis                    "
"H","H0294","Karrie K. Delaney             "
"H","H0358","Mark L. Earley, Jr.           "
"H","H0359","N. Baxter Ennis               "
"H","H0360","Michael B. Feggans            "
"H","H0259","Hyland F. ""Buddy"" Fowler, Jr. "
"H","H0279","Nicholas J. Freitas           "
"H","H0361","Debra D. Gardner              "
"H","H0362","Thomas A. Garrett, Jr.        "
"H","H0181","C. Todd Gilbert               "
"H","H0349","Jackie H. Glass               "
"H","H0363","W. Chad Green                 "
"H","H0364","Timothy P. Griffin            "
"H","H0285","C.E. Cliff Hayes, Jr.         "
"H","H0317","Dan I. Helmer                 "
"H","H0365","Rozia A. Henson, Jr.          "
"H","H0366","Phil M. Hernandez             "
"H","H0208","Charniele L. Herring          "
"H","H0367","Geary Higgins                 "
"H","H0238","M. Keith Hodges               "
"H","H0219","Patrick A. Hope               "
"H","H0368","Michael J. Jones              "
"H","H0369","Hillary Pugh Kent             "
"H","H0370","Karen Keys-Gamarra            "
"H","H0056","Terry G. Kilgore              "
"H","H0206","Barry D. Knight               "
"H","H0281","Paul E. Krizek                "
"H","H0371","Amy J. Laufer                 "
"H","H0262","James A. ""Jay"" Leftwich       "
"H","H0372","Destiny LeVere Bolling        "
"H","H0239","Alfonso H. Lopez              "
"H","H0373","Ian T. Lovejoy                "
"H","H0340","Michelle Lopes Maldonado      "
"H","H0150","Daniel W. Marshall, III       "
"H","H0374","Marty Martinez                "
"H","H0375","Adele Y. McClure              "
"H","H0308","Joseph P. McNamara            "
"H","H0207","Delores L. McQuinn            "
"H","H0376","Paul V. Milde                 "
"H","H0224","James W. Morefield            "
"H","H0330","Candi Mundon King             "
"H","H0377","Delores Oates                 "
"H","H0378","Chris Obenshain               "
"H","H0242","Israel D. O'Quinn             "
"H","H0073","Robert D. Orrock, Sr.         "
"H","H0379","David Owen                    "
"H","H0384","Eric Phillips                 "
"H","H0284","Marcia S. ""Cia"" Price         "
"H","H0266","Sam Rasoul                    "
"H","H0380","Atoosa R. Reaser              "
"H","H0301","David A. Reid                 "
"H","H0321","Chris S. Runion               "
"H","H0322","Don Scott                     "
"H","H0342","Phillip A. Scott              "
"H","H0351","Holly M. Seibold              "
"H","H0343","Briana D. Sewell              "
"H","H0344","Irene Shin                    "
"H","H0172","Mark D. Sickles               "
"H","H0264","Marcus B. Simon               "
"H","H0323","Shelly A. Simonds             "
"H","H0385","JJ Singh                      "
"H","H0269","Richard C. ""Rip"" Sullivan, Jr."
"H","H0345","Anne Ferrell Tata             "
"H","H0346","Kim A. Taylor                 "
"H","H0382","Joshua E. Thomas              "
"H","H0227","Luke E. Torian                "
"H","H0305","Kathy K.L. Tran               "
"H","H0347","H. Otto Wachsmann, Jr.        "
"H","H0325","Wendell S. Walker             "
"H","H0173","Jeion A. Ward                 "
"H","H0124","R. Lee Ware                   "
"H","H0108","Vivian E. Watts               "
"H","H0247","Michael J. Webert             "
"H","H0329","Bill Wiley                    "
"H","H0327","Rodney T. Willett             "
"H","H0348","Wren M. Williams              "
"H","H0231","Tony O. Wilt                  "
"H","H0136","Thomas C. Wright, Jr.         "
"H","H0328","Scott A. Wyatt                "
"H","H0383","Eric R. Zehr                  "
"S","S0115","Lashrecse D. Aird             "
"S","S0114","Lamont Bagby                  "
"S","S0106","Jennifer B. Boysko            "
"S","S0117","Jennifer D. Carroll Foy       "
"S","S0132","Luther Cifers, III            "
"S","S0118","Christie New Craig            "
"S","S0062","R. Creigh Deeds               "
"S","S0096","Bill DeSteph                  "
"S","S0119","J.D. ""Danny"" Diggs            "
"S","S0120","Tara A. Durant                "
"S","S0085","Adam P. Ebbin                 "
"S","S0086","Barbara A. Favola             "
"S","S0121","Timmy French                  "
"S","S0112","T. Travis Hackworth           "
"S","S0108","Ghazala F. Hashmi             "
"S","S0122","Christopher T. Head           "
"S","S0116","Emily M. Jordan               "
"S","S0067","Mamie E. Locke                "
"S","S0019","L. Louise Lucas               "
"S","S0080","David W. Marsden              "
"S","S0069","Ryan T. McDougle              "
"S","S0098","Jeremy S. McPike              "
"S","S0131","Tammy Brankley Mulchi         "
"S","S0068","Mark D. Obenshain             "
"S","S0105","Mark J. Peake                 "
"S","S0124","Stella G. Pekarsky            "
"S","S0125","Russet Perry                  "
"S","S0111","Todd E. Pillion               "
"S","S0088","Bryce E. Reeves               "
"S","S0126","Danica A. Roem                "
"S","S0113","Aaron R. Rouse                "
"S","S0127","Saddam Azlan Salim            "
"S","S0133","Kannan Srinivasan             "
"S","S0082","William M. Stanley, Jr.       "
"S","S0078","Richard H. Stuart             "
"S","S0099","Glen H. Sturtevant, Jr.       "
"S","S0101","David R. Suetterlein          "
"S","S0100","Scott A. Surovell             "
"S","S0129","Schuyler T. VanValkenburg     "
"S","S0130","Angelia Williams Graves       "
